{
  "url": "https://urgentcare.com/usa/connecticut",
  "title": "Find Urgent Care Practices in Connecticut",
  "text": "Connecticut, USA Find an Urgent Care location in Connecticut - Ashford - Avon - Berlin - Bethel - Bloomfield - Branford - Bridgeport - Bristol - Brookfield - Canton - Cheshire - Cos Cob - Coventry - Cromwell - Danbury - Darien - Dayville - Derby - East Hampton - East Hartford - East Haven - East Lyme - Ellington - Enfield - Essex - Fairfield - Farmington - Glastonbury - Granby - Greenwich - Groton - Guilford - Hamden - Hartford - Lisbon - Litchfield - Manchester - Meriden - Middletown - Milford - Monroe - Naugatuck - New Britain - New Haven - New London - New Milford - Newington - Newtown - Niantic - North Haven - North Stonington - Norwalk - Norwich - Old Saybrook - Orange - Oxford - Pawcatuck - Plainfield - Putnam - Ridgefield - Riverside - Rocky Hill - Sharon - Shelton - South Windsor - Southbury - Southington - Stamford - Storrs - Stratford - Suffield - Torrington - Trumbull - Uncasville - Unionville - Vernon - Vernon Rockville - Wallingford - Waterbury - West Hartford - West Haven - Westport - Wethersfield - Willimantic - Wilton - Windsor - Wolcott - Woodstock"
}