{
  "url": "https://www.tapology.com/fightcenter/promotions",
  "title": "Combat Sports Promoter Index | Tapology",
  "text": "Mixed Martial Arts Promotions Directory MMA Promotions Name Headquarters Links - Russia - Grozny, Russia - - Bellator MMA BFCSan Jose, California - DREAM DREAMJapan - Las Vegas, Nevada - Los Angeles, California, United States - - Kansas City, Missouri, United States - K-1 K-1Japan - Warsaw, Poland - Las Vegas, Nevada, United States - ONE Championship ONESingapore - Oktagon MMA OKMMACzech Republic - Japan - - Saitama, Japan - Japan - Strikeforce SF - Las Vegas, Nevada, United States - - - Zuffa Boxing ZBLas Vegas, Nevada - 011 MMA Team 011Sao Paulo, Sao Paulo, Brazil - 100 Series MMA 100SIndia - Paris, France - Hull City, Yorkshire, England - 12 Raund Sports 12RSIstanbul, Turkey - 12 Rounds Promotion 12RPBelgium - Sioux Falls, South Dakota - 1Zone MMA 1ZMMAKampala, Uganda - West Dundee, Illinois - 1º Round Combat 1RCFortaleza, Ceara, Brazil - 209 Beatdown 209Stockton, California - Pittsburgh, Pennsylvania - 2M Box Promotions 2MBPMexico - Onalaska, Wisconsin, United States - 300 Sparta 300SLima, Peru - 305 Fights 305Miami, Florida, United States - 360 Fight Club 360FCLittle Rock, Arkansas - Belgium - 360 Promotions 360PCalifornia - 3FC 3FCPigeon Forge, Tennessee, United States - Indianapolis, Indiana - 408 Fights 408San Jose, California - 4x4 Promotions 44PMexico - 5150 FightWear 5150California - Livingston, California - 559 Fights 559Selma, California, United States - Gauteng, South Africa - Greenville, South Carolina, United States - A Batalha FC ABFCBrejo Madre de Deus, Pernambuco, Brazil - A Dragon's Tale ADTTexas - Essex, England - A&T Promotions ATPSuriname - Tacoma, Washington - A-Fight MMA AFMMANevinnomyssk, Russia - A-League ALSendai, Miyagi, Japan - Osaka, Japan - A.K Promotion AKPGermany - AA Productions CCCArkansas, United States - ABK Promotions ABKAuckland, New Zealand - ACCEL ACCELKobe, Japan - ADAL Promotions ADALKazakhstan - AEBOX AEBOXSpain - Dhaka, Bangladesh - AFC Fight Club AFCFCMichigan - AFC International League AFCILTabasaran, Dagestan, Russia - AHUUU BoxPromotion AHUUUBrandenburg, Germany - Wasilla, Alaska, United States - Skovde, Sweden - AKBF Fight League AKBFNew York - ALA Boxing ALABPhilippines - AM Ford Fight Night AMFFN - Ecuador - ARB PRO ARBTyumen, Russia - Dortmund, Germany - Paris, France - AS Monaco Boxe ASMBMonaco - ATS Kombat ATSUba, Minas Gerais, Brazil - AWKA Championship AWKAQuito, Ecuador - AZTK Boxing and MMA AZTKBaja California, Mexico - Abadan FC AFCKaraganda, Kazakhstan - Buenos Aires, Argentina - Absolute Action MMA AAMMAKentucky, United States - Columbus, Ohio, United States - Indianapolis, Indiana, United States - Knoxville, Tennesee, United States - Dagestan, Russia - Western Washington - Fort Wayne, Indiana, United States - Canada - Missouri - Hollywood, Florida - Thailand - Absortio Gym AGRybnik, Poland - Abu Dhabi, United Arab Emirates - Abu Dhabi, United Arab Emirites - Makati, Philippines - Académie TNT ATNTMalartic, Quebec, Canada"
}